{
  "center_x": 566,
  "center_y": 360,
  "bull_eye_radius": 3.6479999999999997,
  "bull_radius": 9.408000000000001,
  "triple_inner_radius": 104.0,
  "triple_outer_radius": 119.424,
  "double_inner_radius": 179.13600000000002,
  "double_outer_radius": 192.0
}