{
  "camera": "LEFT",
  "homography_matrix": [
    [
      -1.0541991948993021,
      -4.02938358939289,
      2448.647036614549
    ],
    [
      -3.2273351128682943,
      0.41643033714429595,
      1696.224870773004
    ],
    [
      -0.0011742249014216148,
      -0.008094489667108181,
      1.0
    ]
  ],
  "reference_points": [
    [
      748,
      412
    ],
    [
      611,
      662
    ],
    [
      404,
      502
    ],
    [
      571,
      352
    ]
  ],
  "board_center_px": null,
  "board_radius_px": null,
  "rotation_offset": 4.0
}