{
  "camera": "RIGHT",
  "homography_matrix": [
    [
      0.827883941558071,
      -11.226106247527447,
      3755.5464817687107
    ],
    [
      -8.787777986926304,
      -0.9971946651831276,
      6244.12137004387
    ],
    [
      0.001983064418430425,
      0.01688355936213683,
      0.9999999999999999
    ]
  ],
  "reference_points": [
    [
      508,
      372
    ],
    [
      679,
      278
    ],
    [
      847,
      397
    ],
    [
      647,
      560
    ]
  ],
  "board_center_px": null,
  "board_radius_px": null,
  "rotation_offset": 2.0
}