{
  "homography_matrix": [
    [
      -0.6415611858971795,
      -1.07537874969432,
      867.9406329208986
    ],
    [
      -0.54301530382498,
      0.946933091399226,
      28.359843601736216
    ],
    [
      -0.0008176619937886701,
      -0.00394060939465228,
      0.9999999999999999
    ]
  ],
  "reference_points": [
    [
      850,
      300
    ],
    [
      966,
      524
    ],
    [
      498,
      510
    ],
    [
      612,
      321
    ]
  ],
  "board_center_px": null,
  "board_radius_px": null,
  "rotation_offset": 2.0
}